stage,model,scenario,policy,runs,mean_alarm_fraction,min_run,max_run,windows,alarms
detector-v1,residual,main-a0.0,random,15,0.0005089058524173028,0.0,0.007633587786259542,1897,1
detector-v1,residual,main-a0.0,swrr,15,0.0020923683847170445,0.0,0.008,1895,4
detector-v1,residual,main-a0.5,random,15,1.0,1.0,1.0,1889,1889
detector-v1,residual,main-a0.5,swrr,15,1.0,1.0,1.0,1889,1889
detector-v1,residual,weak-a0.25,random,9,1.0,1.0,1.0,1125,1125
detector-v1,residual,weak-a0.25,swrr,9,1.0,1.0,1.0,1125,1125
robustness-v1,residual,attack-hb5,random,3,1.0,1.0,1.0,375,375
robustness-v1,residual,attack-hb5,swrr,3,1.0,1.0,1.0,375,375
robustness-v1,residual,attack-onoff,random,3,0.664,0.664,0.664,375,249
robustness-v1,residual,attack-onoff,swrr,3,0.6666666666666667,0.664,0.672,375,250
robustness-v1,residual,honest-cap70,random,3,1.0,1.0,1.0,375,375
robustness-v1,residual,honest-cap70,swrr,3,1.0,1.0,1.0,375,375
robustness-v1,residual,honest-hb5,random,3,0.0,0.0,0.0,375,0
robustness-v1,residual,honest-hb5,swrr,3,0.0,0.0,0.0,375,0
robustness-v1,residual_quantized,attack-hb5,random,3,1.0,1.0,1.0,375,375
robustness-v1,residual_quantized,attack-hb5,swrr,3,1.0,1.0,1.0,375,375
robustness-v1,residual_quantized,attack-onoff,random,3,0.664,0.664,0.664,375,249
robustness-v1,residual_quantized,attack-onoff,swrr,3,0.6666666666666667,0.664,0.672,375,250
robustness-v1,residual_quantized,honest-cap70,random,3,0.0026666666666666666,0.0,0.008,375,1
robustness-v1,residual_quantized,honest-cap70,swrr,3,0.0,0.0,0.0,375,0
robustness-v1,residual_quantized,honest-hb5,random,3,0.0,0.0,0.0,375,0
robustness-v1,residual_quantized,honest-hb5,swrr,3,0.0,0.0,0.0,375,0
quantization-v1,residual_quantized,attack-cap70,random,3,1.0,1.0,1.0,373,373
quantization-v1,residual_quantized,attack-cap70,swrr,3,1.0,1.0,1.0,373,373
quantization-v1,residual_quantized,honest-cap70,random,3,0.005376344086021505,0.0,0.016129032258064516,372,2
quantization-v1,residual_quantized,honest-cap70,swrr,3,0.0,0.0,0.0,373,0
delay-burst-v1,residual_quantized,attack-burst,random,3,1.0,1.0,1.0,403,403
delay-burst-v1,residual_quantized,attack-burst,swrr,3,1.0,1.0,1.0,405,405
delay-burst-v1,residual_quantized,attack-combined,random,3,1.0,1.0,1.0,404,404
delay-burst-v1,residual_quantized,attack-combined,swrr,3,1.0,1.0,1.0,405,405
delay-burst-v1,residual_quantized,attack-delay,random,3,1.0,1.0,1.0,375,375
delay-burst-v1,residual_quantized,attack-delay,swrr,3,1.0,1.0,1.0,375,375
delay-burst-v1,residual_quantized,honest-burst,random,3,0.0,0.0,0.0,404,0
delay-burst-v1,residual_quantized,honest-burst,swrr,3,0.0,0.0,0.0,403,0
delay-burst-v1,residual_quantized,honest-combined,random,3,0.9356550580431178,0.9185185185185185,0.9481481481481482,404,378
delay-burst-v1,residual_quantized,honest-combined,swrr,3,0.9502487562189055,0.9328358208955224,0.9701492537313433,402,382
delay-burst-v1,residual_quantized,honest-delay,random,3,0.9546666666666667,0.944,0.968,375,358
delay-burst-v1,residual_quantized,honest-delay,swrr,3,0.928,0.912,0.952,375,348
timeaware-v1,age_aware,honest-delay,swrr,3,0.0,0.0,0.0,376,0
timeaware-v1,age_aware,honest-delay,random,3,0.0,0.0,0.0,376,0
timeaware-v1,age_aware,attack-delay,swrr,3,1.0,1.0,1.0,375,375
timeaware-v1,age_aware,attack-delay,random,3,1.0,1.0,1.0,376,376
timeaware-v1,age_aware,honest-combined,swrr,3,0.0,0.0,0.0,403,0
timeaware-v1,age_aware,honest-combined,random,3,0.0,0.0,0.0,403,0
timeaware-v1,age_aware,attack-combined,swrr,3,1.0,1.0,1.0,405,405
timeaware-v1,age_aware,attack-combined,random,3,1.0,1.0,1.0,402,402
