stage,run,seed,policy,alpha,active,capacity3,heartbeat,nfm_delay_ms,burst,measured,established,manifest_sha256,binary_fingerprint
main-v2-execution,main-v2-random-r20-s101-a50-attempt1,101,random,0.5,60,100,1,0,False,3000,3360,feb7c381365e51d24908a2dd8dd5877acd38aed4e5a41a5ddb686b340900f0e7,deb0463b1cc0d3e09a31d47b45f5a5952e35a1f2431753b2441bee002f86c24d
main-v2-execution,main-v2-random-r20-s101-a0-attempt1,101,random,0.0,60,100,1,0,False,3000,3360,14b55699543785d3cc2a8de365f2ff8376c41a9500e59e6e7a5b19d6498690a4,deb0463b1cc0d3e09a31d47b45f5a5952e35a1f2431753b2441bee002f86c24d
main-v2-execution,main-v2-swrr-r50-s101-a50-attempt1,101,swrr,0.5,150,100,1,0,False,3000,3450,aa5fb5aceab202792ed78c298c9d833d70c63ba2d8aa05fc2bd3a6838475c744,deb0463b1cc0d3e09a31d47b45f5a5952e35a1f2431753b2441bee002f86c24d
main-v2-execution,main-v2-swrr-r50-s101-a0-attempt1,101,swrr,0.0,150,100,1,0,False,3000,3450,0fd9eef09e377054e2a9ba83b895fdc006772d4ab5d389ced8c1f94c0b46c91d,deb0463b1cc0d3e09a31d47b45f5a5952e35a1f2431753b2441bee002f86c24d
main-v2-execution,main-v2-random-r70-s101-a50-attempt1,101,random,0.5,210,100,1,0,False,3000,3510,91f11c7050ba07b76b0d8a4f960f02d7f50f0e7a20c62a705d79daaf9a58ace1,deb0463b1cc0d3e09a31d47b45f5a5952e35a1f2431753b2441bee002f86c24d
main-v2-execution,main-v2-random-r70-s101-a0-attempt1,101,random,0.0,210,100,1,0,False,3000,3510,e4e237455c11bd39edbf8986def890dce5f9f7258c3a4fd5897814d03c3722b7,deb0463b1cc0d3e09a31d47b45f5a5952e35a1f2431753b2441bee002f86c24d
main-v2-execution,main-v2-swrr-r70-s101-a50-attempt1,101,swrr,0.5,210,100,1,0,False,3000,3510,fcc8566ffa06cc60b311621c16700277542b46ed201b06ece39c88bd21a14a22,deb0463b1cc0d3e09a31d47b45f5a5952e35a1f2431753b2441bee002f86c24d
main-v2-execution,main-v2-swrr-r70-s101-a0-attempt1,101,swrr,0.0,210,100,1,0,False,3000,3510,99dce9d0066fd6f0bd496a52660e110a41f84c61407bd817f014411dc908f20b,deb0463b1cc0d3e09a31d47b45f5a5952e35a1f2431753b2441bee002f86c24d
main-v2-execution,main-v2-random-r50-s101-a0-attempt1,101,random,0.0,150,100,1,0,False,3000,3450,44c550e74ef826c1deb78b8a34835a80d5a9c35646796173f3333ff394e093d5,deb0463b1cc0d3e09a31d47b45f5a5952e35a1f2431753b2441bee002f86c24d
main-v2-execution,main-v2-random-r50-s101-a50-attempt1,101,random,0.5,150,100,1,0,False,3000,3450,518f73e9a53c33a36e058d65741f99596cf05dc1afb901160bdc19d9f49d8a7f,deb0463b1cc0d3e09a31d47b45f5a5952e35a1f2431753b2441bee002f86c24d
main-v2-execution,main-v2-swrr-r20-s101-a0-attempt1,101,swrr,0.0,60,100,1,0,False,3000,3360,ecd01236e7d8bd6d3edada67bf8dc5f5fae1382fcdbffc59aa0d81f332418978,deb0463b1cc0d3e09a31d47b45f5a5952e35a1f2431753b2441bee002f86c24d
main-v2-execution,main-v2-swrr-r20-s101-a50-attempt1,101,swrr,0.5,60,100,1,0,False,3000,3360,a307c382444f0cdacffa6a04c53572e70d8691ca60aff52d21099148fa36c5ef,deb0463b1cc0d3e09a31d47b45f5a5952e35a1f2431753b2441bee002f86c24d
main-v2-execution,main-v2-swrr-r50-s102-a0-attempt1,102,swrr,0.0,150,100,1,0,False,3000,3450,fa19b8957265e383b191ede6da516ec688539114bc7eb9bbdfd00bd01aef7f4b,deb0463b1cc0d3e09a31d47b45f5a5952e35a1f2431753b2441bee002f86c24d
main-v2-execution,main-v2-swrr-r50-s102-a50-attempt1,102,swrr,0.5,150,100,1,0,False,3000,3450,9173b6ba13c47c30e7e2c1d85105158864806ad59dcf22ce2ddabd70a12cbace,deb0463b1cc0d3e09a31d47b45f5a5952e35a1f2431753b2441bee002f86c24d
main-v2-execution,main-v2-random-r70-s102-a0-attempt1,102,random,0.0,210,100,1,0,False,3000,3510,13caa4b3dcb5abb5f85425fe6d13638390bfba2cf7be364516ac931b03b0d7ce,deb0463b1cc0d3e09a31d47b45f5a5952e35a1f2431753b2441bee002f86c24d
main-v2-execution,main-v2-random-r70-s102-a50-attempt1,102,random,0.5,210,100,1,0,False,3000,3510,c08555b59a8971f1a370f4569b59bc81dace504c190f361fb2e6932811ba5ac0,deb0463b1cc0d3e09a31d47b45f5a5952e35a1f2431753b2441bee002f86c24d
main-v2-execution,main-v2-random-r50-s102-a0-attempt1,102,random,0.0,150,100,1,0,False,3000,3450,0c0c43e7627fc58ce923a9c8f70a3ce444e45331b8ebf7999d832e19e2a5a825,deb0463b1cc0d3e09a31d47b45f5a5952e35a1f2431753b2441bee002f86c24d
main-v2-execution,main-v2-random-r50-s102-a50-attempt1,102,random,0.5,150,100,1,0,False,3000,3450,4bac36240fd00cdcd13b45ad2cab4f143d668d4637f16c6a9f7c5c50b5b38aa9,deb0463b1cc0d3e09a31d47b45f5a5952e35a1f2431753b2441bee002f86c24d
main-v2-execution,main-v2-random-r20-s102-a0-attempt1,102,random,0.0,60,100,1,0,False,3000,3360,8473a5592070958f6644a26ed196f28c7d7d2673c867070afacaf373d150e9dc,deb0463b1cc0d3e09a31d47b45f5a5952e35a1f2431753b2441bee002f86c24d
main-v2-execution,main-v2-random-r20-s102-a50-attempt1,102,random,0.5,60,100,1,0,False,3000,3360,097a578584591c677a7984ab5ef8e109165c5cc569023df25bea8ba6f272dd85,deb0463b1cc0d3e09a31d47b45f5a5952e35a1f2431753b2441bee002f86c24d
main-v2-execution,main-v2-swrr-r20-s102-a0-attempt1,102,swrr,0.0,60,100,1,0,False,3000,3360,ff3e95faa20c6c29db5532d8d5504993ff70f24f86e912a77fddcf2f54ca0b32,deb0463b1cc0d3e09a31d47b45f5a5952e35a1f2431753b2441bee002f86c24d
main-v2-execution,main-v2-swrr-r20-s102-a50-attempt1,102,swrr,0.5,60,100,1,0,False,3000,3360,213addf302acfa2edb0f9d1bfca809094260b3f077aca9cae52527673519359c,deb0463b1cc0d3e09a31d47b45f5a5952e35a1f2431753b2441bee002f86c24d
main-v2-execution,main-v2-swrr-r70-s102-a0-attempt1,102,swrr,0.0,210,100,1,0,False,3000,3510,19e04ebf1c1edc0e9d1d9e15cb0b0c925bfbfa75bafafd6afb02c9f28f59bf31,deb0463b1cc0d3e09a31d47b45f5a5952e35a1f2431753b2441bee002f86c24d
main-v2-execution,main-v2-swrr-r70-s102-a50-attempt1,102,swrr,0.5,210,100,1,0,False,3000,3510,6f33f27ec716fe69f1ebf9446aee643f12030de18668b9a9bc6e1d0ff0eee559,deb0463b1cc0d3e09a31d47b45f5a5952e35a1f2431753b2441bee002f86c24d
main-v2-execution,main-v2-swrr-r20-s103-a50-attempt1,103,swrr,0.5,60,100,1,0,False,3000,3360,bccd0be6a8b223e6c8aa7dbb5a87717d68c22f7483dfe05d15786a2ce04b5258,deb0463b1cc0d3e09a31d47b45f5a5952e35a1f2431753b2441bee002f86c24d
main-v2-execution,main-v2-swrr-r20-s103-a0-attempt1,103,swrr,0.0,60,100,1,0,False,3000,3360,58473a5f2fe7c097e4c2edaed0c77a440f2a9962d95fb48f7434180824f8ceaf,deb0463b1cc0d3e09a31d47b45f5a5952e35a1f2431753b2441bee002f86c24d
main-v2-execution,main-v2-random-r20-s103-a50-attempt1,103,random,0.5,60,100,1,0,False,3000,3360,eda0d666e3ad23c2af4072430bca92af4caec743b32ca623e287efa4248bb5b1,deb0463b1cc0d3e09a31d47b45f5a5952e35a1f2431753b2441bee002f86c24d
main-v2-execution,main-v2-random-r20-s103-a0-attempt1,103,random,0.0,60,100,1,0,False,3000,3360,02ce8b8538b3d74e9bad39c9876d5062a5b1b92e3e65734e62f37a0ef87ee764,deb0463b1cc0d3e09a31d47b45f5a5952e35a1f2431753b2441bee002f86c24d
main-v2-execution,main-v2-swrr-r50-s103-a50-attempt1,103,swrr,0.5,150,100,1,0,False,3000,3450,f76743c4e6241f5606b1afc28e8f19ac41dbfce39dc742659fb9f5fd771871a7,deb0463b1cc0d3e09a31d47b45f5a5952e35a1f2431753b2441bee002f86c24d
main-v2-execution,main-v2-swrr-r50-s103-a0-attempt1,103,swrr,0.0,150,100,1,0,False,3000,3450,aa5aedb499ce76e2344afd15476a13adb5638ef387021a778e2060e9294b26ad,deb0463b1cc0d3e09a31d47b45f5a5952e35a1f2431753b2441bee002f86c24d
main-v2-execution,main-v2-random-r70-s103-a50-attempt1,103,random,0.5,210,100,1,0,False,3000,3510,5566f152094e1324dbd1ed2990570d5012c00e45a532d8ea86b16320fa2c7a43,deb0463b1cc0d3e09a31d47b45f5a5952e35a1f2431753b2441bee002f86c24d
main-v2-execution,main-v2-random-r70-s103-a0-attempt1,103,random,0.0,210,100,1,0,False,3000,3510,c0327de3683af70317961b8de441925f8d937e6d4f9e1e9f703429589f498982,deb0463b1cc0d3e09a31d47b45f5a5952e35a1f2431753b2441bee002f86c24d
main-v2-execution,main-v2-swrr-r70-s103-a0-attempt1,103,swrr,0.0,210,100,1,0,False,3000,3510,9f951a843dae4192e6ef5f5d2b873a2aac5a0ac53921e9c897590642ccf7dc95,deb0463b1cc0d3e09a31d47b45f5a5952e35a1f2431753b2441bee002f86c24d
main-v2-execution,main-v2-swrr-r70-s103-a50-attempt1,103,swrr,0.5,210,100,1,0,False,3000,3510,a75573f93b3aac93aa9667963a24a6238eaef47f5a5738e6d8f2974d7b595dbc,deb0463b1cc0d3e09a31d47b45f5a5952e35a1f2431753b2441bee002f86c24d
main-v2-execution,main-v2-random-r50-s103-a0-attempt1,103,random,0.0,150,100,1,0,False,3000,3450,1c587730179794f70e88f951b175bed3917d52a64748f0f048db0631abbb3355,deb0463b1cc0d3e09a31d47b45f5a5952e35a1f2431753b2441bee002f86c24d
main-v2-execution,main-v2-random-r50-s103-a50-attempt1,103,random,0.5,150,100,1,0,False,3000,3450,3d4c80ba760518047559b3839c0faeb49dd47afc69978e7b034e518ccba2f726,deb0463b1cc0d3e09a31d47b45f5a5952e35a1f2431753b2441bee002f86c24d
main-v2-execution,main-v2-random-r50-s104-a0-attempt1,104,random,0.0,150,100,1,0,False,3000,3450,67c3673e6d1ef3e1bd11bc3049e6fcf1ed5b3989ac38b5e3a63232fa0bd13e2d,deb0463b1cc0d3e09a31d47b45f5a5952e35a1f2431753b2441bee002f86c24d
main-v2-execution,main-v2-random-r50-s104-a50-attempt1,104,random,0.5,150,100,1,0,False,3000,3450,7cea049ded81f9959472395f67601c84426b8b28bf7c6f726c06105e21c6a66a,deb0463b1cc0d3e09a31d47b45f5a5952e35a1f2431753b2441bee002f86c24d
main-v2-execution,main-v2-swrr-r70-s104-a0-attempt1,104,swrr,0.0,210,100,1,0,False,3000,3510,2cccf31dfc466a893e5318c695e18be8530837241564850eb46ce6e67002867e,deb0463b1cc0d3e09a31d47b45f5a5952e35a1f2431753b2441bee002f86c24d
main-v2-execution,main-v2-swrr-r70-s104-a50-attempt1,104,swrr,0.5,210,100,1,0,False,3000,3510,d2adb7e47c0df1c70f44af678352c25dd7f00ffdb36d0081ba036acb9399d745,deb0463b1cc0d3e09a31d47b45f5a5952e35a1f2431753b2441bee002f86c24d
main-v2-execution,main-v2-random-r70-s104-a0-attempt1,104,random,0.0,210,100,1,0,False,3000,3510,84a560b2fbd6f64fa734e7cfc090c761236bf4ebc51bf00d0ab65ffd18ee2dcf,deb0463b1cc0d3e09a31d47b45f5a5952e35a1f2431753b2441bee002f86c24d
main-v2-execution,main-v2-random-r70-s104-a50-attempt1,104,random,0.5,210,100,1,0,False,3000,3510,5b8a11ad3421e7fb7bef529ded9537e6e4f3e8bace24b640b78acdd9e2ffc59a,deb0463b1cc0d3e09a31d47b45f5a5952e35a1f2431753b2441bee002f86c24d
main-v2-execution,main-v2-random-r20-s104-a0-attempt1,104,random,0.0,60,100,1,0,False,3000,3360,b5cc08030cf40dc5f2a21039c14594e63c104ede0730732a77ba91ee2928c14a,deb0463b1cc0d3e09a31d47b45f5a5952e35a1f2431753b2441bee002f86c24d
main-v2-execution,main-v2-random-r20-s104-a50-attempt1,104,random,0.5,60,100,1,0,False,3000,3360,1c784d3e9dea5d7f480194a3686db769428af4c29026b3d6f94fce7ee5d26a43,deb0463b1cc0d3e09a31d47b45f5a5952e35a1f2431753b2441bee002f86c24d
main-v2-execution,main-v2-swrr-r20-s104-a0-attempt1,104,swrr,0.0,60,100,1,0,False,3000,3360,8016b65c2ab8d765db6c39982ba99a1971980db48c17ead7317c8abb20abe1ed,deb0463b1cc0d3e09a31d47b45f5a5952e35a1f2431753b2441bee002f86c24d
main-v2-execution,main-v2-swrr-r20-s104-a50-attempt1,104,swrr,0.5,60,100,1,0,False,3000,3360,2f2f118887349f9b4b7bb7c54d3f38b06a4ffeb144ade1d6c6496bf377cb7bde,deb0463b1cc0d3e09a31d47b45f5a5952e35a1f2431753b2441bee002f86c24d
main-v2-execution,main-v2-swrr-r50-s104-a0-attempt2,104,swrr,0.0,150,100,1,0,False,3000,3450,11f44d4f2e04d2b6a71038515b4929159a4c1ca17877350b4759055c88de2273,deb0463b1cc0d3e09a31d47b45f5a5952e35a1f2431753b2441bee002f86c24d
main-v2-execution,main-v2-swrr-r50-s104-a50-attempt2,104,swrr,0.5,150,100,1,0,False,3000,3450,ffbbecf9679267f90bf554577fd59425e7f3af8cf02103aa159e55b9639da69e,deb0463b1cc0d3e09a31d47b45f5a5952e35a1f2431753b2441bee002f86c24d
main-v2-execution,main-v2-swrr-r20-s105-a50-attempt1,105,swrr,0.5,60,100,1,0,False,3000,3360,2a937b4de53e311555de5255bed25e51e4eef053851fbbae6e9fc228ed1f72bf,deb0463b1cc0d3e09a31d47b45f5a5952e35a1f2431753b2441bee002f86c24d
main-v2-execution,main-v2-swrr-r20-s105-a0-attempt1,105,swrr,0.0,60,100,1,0,False,3000,3360,2122cba3b6de3650aab1249bd72aa9911c9f0e58e92ed17df2373ccb9dd1e3ac,deb0463b1cc0d3e09a31d47b45f5a5952e35a1f2431753b2441bee002f86c24d
main-v2-execution,main-v2-random-r20-s105-a50-attempt1,105,random,0.5,60,100,1,0,False,3000,3360,4b26cd3d82d5ba8292a6478ad46d3fe0be018e53bac7b757e8db501ba888f83d,deb0463b1cc0d3e09a31d47b45f5a5952e35a1f2431753b2441bee002f86c24d
main-v2-execution,main-v2-random-r20-s105-a0-attempt1,105,random,0.0,60,100,1,0,False,3000,3360,1977e63e392214c7288df63b3c90196e9b5abe43deaaa9c5759033dc211e4016,deb0463b1cc0d3e09a31d47b45f5a5952e35a1f2431753b2441bee002f86c24d
main-v2-execution,main-v2-random-r50-s105-a50-attempt1,105,random,0.5,150,100,1,0,False,3000,3450,13074d26074cdf76d571650a17c1cf0983283cd997ccae63fd4c84b7a7f4f925,deb0463b1cc0d3e09a31d47b45f5a5952e35a1f2431753b2441bee002f86c24d
main-v2-execution,main-v2-random-r50-s105-a0-attempt1,105,random,0.0,150,100,1,0,False,3000,3450,ae7c555bd4a7fd35204fcf9b785340eda3ca1dbdc1aac45dc8a2060d65bbe6bb,deb0463b1cc0d3e09a31d47b45f5a5952e35a1f2431753b2441bee002f86c24d
main-v2-execution,main-v2-swrr-r70-s105-a50-attempt1,105,swrr,0.5,210,100,1,0,False,3000,3510,267ca15f026cec1a0a886eee50cd4a6c2905e17c2f99a3790368726601781824,deb0463b1cc0d3e09a31d47b45f5a5952e35a1f2431753b2441bee002f86c24d
main-v2-execution,main-v2-swrr-r70-s105-a0-attempt1,105,swrr,0.0,210,100,1,0,False,3000,3510,b8ead30cf7f8b68d43b5f0277d65cf737f12e0d0e2e00dd2d575a8adea00b6c6,deb0463b1cc0d3e09a31d47b45f5a5952e35a1f2431753b2441bee002f86c24d
main-v2-execution,main-v2-swrr-r50-s105-a50-attempt1,105,swrr,0.5,150,100,1,0,False,3000,3450,2a3133304f9d9b8ad3754d2389980e5df29ad8f237e9492e626e1c96f9421bc2,deb0463b1cc0d3e09a31d47b45f5a5952e35a1f2431753b2441bee002f86c24d
main-v2-execution,main-v2-swrr-r50-s105-a0-attempt1,105,swrr,0.0,150,100,1,0,False,3000,3450,58cee5c3eea7caf308b29e7b917b1442badd438a29b30ef81270049c44f6d3c5,deb0463b1cc0d3e09a31d47b45f5a5952e35a1f2431753b2441bee002f86c24d
main-v2-execution,main-v2-random-r70-s105-a50-attempt1,105,random,0.5,210,100,1,0,False,3000,3510,9d71b25549ec30e853d8a47d0efa60e86eeca3598746a4005cfd0fc2f7130081,deb0463b1cc0d3e09a31d47b45f5a5952e35a1f2431753b2441bee002f86c24d
main-v2-execution,main-v2-random-r70-s105-a0-attempt1,105,random,0.0,210,100,1,0,False,3000,3510,d19151417e2f45fdba77ac0e6341112b2b154968703f275cb6a1c8b01441acd2,deb0463b1cc0d3e09a31d47b45f5a5952e35a1f2431753b2441bee002f86c24d
detector-v1,detector-v1-cal-swrr-r20-s202-a0-attempt1,202,swrr,0.0,60,100,1,0,False,3000,3360,e04c699eb56e60ea54ae224fc76fb9c9a745c2e3e55b2160f6b775bef0589786,deb0463b1cc0d3e09a31d47b45f5a5952e35a1f2431753b2441bee002f86c24d
detector-v1,detector-v1-cal-swrr-r20-s201-a0-attempt1,201,swrr,0.0,60,100,1,0,False,3000,3360,b676723a3b9d6df70714a67d6068a3657d02e48b390864ec9c2a6d9eb8236614,deb0463b1cc0d3e09a31d47b45f5a5952e35a1f2431753b2441bee002f86c24d
detector-v1,detector-v1-cal-swrr-r50-s201-a0-attempt1,201,swrr,0.0,150,100,1,0,False,3000,3450,dad79d82667c26d687a3893a718232ba7c2b4cf2a90d359acb5face513de7768,deb0463b1cc0d3e09a31d47b45f5a5952e35a1f2431753b2441bee002f86c24d
detector-v1,detector-v1-cal-swrr-r70-s201-a0-attempt1,201,swrr,0.0,210,100,1,0,False,3000,3510,82adb58d796b92adb5055454c970193c691741d41a81634aebc3fba09e753535,deb0463b1cc0d3e09a31d47b45f5a5952e35a1f2431753b2441bee002f86c24d
detector-v1,detector-v1-cal-swrr-r50-s202-a0-attempt1,202,swrr,0.0,150,100,1,0,False,3000,3450,fe00a6b22d2311b62099d439a9452d50be093a802b7c683100f1c6b8ca73ebb3,deb0463b1cc0d3e09a31d47b45f5a5952e35a1f2431753b2441bee002f86c24d
detector-v1,detector-v1-cal-swrr-r20-s203-a0-attempt1,203,swrr,0.0,60,100,1,0,False,3000,3360,05e1eba3552cc900c827580b5ce73c83df689413e4226163f95106ad82b6cdd3,deb0463b1cc0d3e09a31d47b45f5a5952e35a1f2431753b2441bee002f86c24d
detector-v1,detector-v1-cal-swrr-r70-s202-a0-attempt1,202,swrr,0.0,210,100,1,0,False,3000,3510,d11f0909b7804500af08dfdbbde3fd52b855165451717eeb730af7538346efa4,deb0463b1cc0d3e09a31d47b45f5a5952e35a1f2431753b2441bee002f86c24d
detector-v1,detector-v1-cal-swrr-r50-s203-a0-attempt1,203,swrr,0.0,150,100,1,0,False,3000,3450,a74c50484d2e98cf4b460dd29b926f064eb1887344ea862030795b4e7ab42151,deb0463b1cc0d3e09a31d47b45f5a5952e35a1f2431753b2441bee002f86c24d
detector-v1,detector-v1-cal-swrr-r70-s203-a0-attempt1,203,swrr,0.0,210,100,1,0,False,3000,3510,f4eff9d95a1d21ab60e0a73159c01df3d6f3b07c3c6050dc39953524082a7639,deb0463b1cc0d3e09a31d47b45f5a5952e35a1f2431753b2441bee002f86c24d
detector-v1,detector-v1-weak-random-r20-s301-a25-attempt1,301,random,0.25,60,100,1,0,False,3000,3360,195f57e4882a0e22e2323494542b7a2d9e23f83012c30bab8ff040d5717bc66e,deb0463b1cc0d3e09a31d47b45f5a5952e35a1f2431753b2441bee002f86c24d
detector-v1,detector-v1-weak-swrr-r20-s301-a25-attempt1,301,swrr,0.25,60,100,1,0,False,3000,3360,e1a0ec36849167be20dfc61e9332dbb95c3dcbcbd9209b0ef5841d6e76737692,deb0463b1cc0d3e09a31d47b45f5a5952e35a1f2431753b2441bee002f86c24d
detector-v1,detector-v1-weak-swrr-r50-s301-a25-attempt1,301,swrr,0.25,150,100,1,0,False,3000,3450,4a92e47cd20a8581c9b9628fe54bc9785bc94fb002657be00b37a1ef65f74351,deb0463b1cc0d3e09a31d47b45f5a5952e35a1f2431753b2441bee002f86c24d
detector-v1,detector-v1-weak-swrr-r70-s301-a25-attempt1,301,swrr,0.25,210,100,1,0,False,3000,3510,ffce12baaee2ee276f0de0a7197f9b016b8f9a6a5d1359424775f80315a4eb47,deb0463b1cc0d3e09a31d47b45f5a5952e35a1f2431753b2441bee002f86c24d
detector-v1,detector-v1-weak-random-r50-s301-a25-attempt1,301,random,0.25,150,100,1,0,False,3000,3450,114de5709a685ac13d84ad416600820daa25a4ef48b96ab6762e74e7d2d3fb2d,deb0463b1cc0d3e09a31d47b45f5a5952e35a1f2431753b2441bee002f86c24d
detector-v1,detector-v1-weak-swrr-r20-s302-a25-attempt1,302,swrr,0.25,60,100,1,0,False,3000,3360,69ca9b7dcfd65f1c5d40764eb83ec89f19df25d107b5d7af174ee4276bc94b69,deb0463b1cc0d3e09a31d47b45f5a5952e35a1f2431753b2441bee002f86c24d
detector-v1,detector-v1-weak-random-r70-s301-a25-attempt1,301,random,0.25,210,100,1,0,False,3000,3510,10d2b9e95c452ebc2a8eaf6627e8b68b62931dabb2b300ef293c181481f7d6da,deb0463b1cc0d3e09a31d47b45f5a5952e35a1f2431753b2441bee002f86c24d
detector-v1,detector-v1-weak-swrr-r50-s302-a25-attempt1,302,swrr,0.25,150,100,1,0,False,3000,3450,709b0f398b7ac8201730af83f73ea0dde3106cee03157bb719b8fd9bbf816f28,deb0463b1cc0d3e09a31d47b45f5a5952e35a1f2431753b2441bee002f86c24d
detector-v1,detector-v1-weak-random-r20-s302-a25-attempt1,302,random,0.25,60,100,1,0,False,3000,3360,a9fb0932a2fad53b92757709b0f9e53f4ab8e606bfe776851d7c4cced63766e9,deb0463b1cc0d3e09a31d47b45f5a5952e35a1f2431753b2441bee002f86c24d
detector-v1,detector-v1-weak-swrr-r70-s302-a25-attempt1,302,swrr,0.25,210,100,1,0,False,3000,3510,fe2e218c1f37b6baae5c58397036593fd485b69a3065186a082108e4ffd6cf7c,deb0463b1cc0d3e09a31d47b45f5a5952e35a1f2431753b2441bee002f86c24d
detector-v1,detector-v1-weak-random-r50-s302-a25-attempt1,302,random,0.25,150,100,1,0,False,3000,3450,94732efedb359a2b78a7b1aa9873af3138051a1e5df77cdd2195dab9ae27db67,deb0463b1cc0d3e09a31d47b45f5a5952e35a1f2431753b2441bee002f86c24d
detector-v1,detector-v1-weak-random-r70-s302-a25-attempt1,302,random,0.25,210,100,1,0,False,3000,3510,e1bb2b348abbddea9b83aff22fe2ef6f6a5fb57b71f621bd3422cb8d4df8a586,deb0463b1cc0d3e09a31d47b45f5a5952e35a1f2431753b2441bee002f86c24d
detector-v1,detector-v1-weak-swrr-r20-s303-a25-attempt1,303,swrr,0.25,60,100,1,0,False,3000,3360,482d07bc4b2a55804fa84b532ffc982c7af41c485387e77c16134ebaf6f9435f,deb0463b1cc0d3e09a31d47b45f5a5952e35a1f2431753b2441bee002f86c24d
detector-v1,detector-v1-weak-swrr-r50-s303-a25-attempt1,303,swrr,0.25,150,100,1,0,False,3000,3450,7656c2852f8aea2c8face5f726feb188fb9bf2889c2738b0eaa07337349ff7c2,deb0463b1cc0d3e09a31d47b45f5a5952e35a1f2431753b2441bee002f86c24d
detector-v1,detector-v1-weak-random-r20-s303-a25-attempt1,303,random,0.25,60,100,1,0,False,3000,3360,413d2962e3f00681301775bcdb20c7e5dc75a529e381af777c4fbb609c6effce,deb0463b1cc0d3e09a31d47b45f5a5952e35a1f2431753b2441bee002f86c24d
detector-v1,detector-v1-weak-swrr-r70-s303-a25-attempt1,303,swrr,0.25,210,100,1,0,False,3000,3510,b2395919b9304f0ef787fd2f92deb45b429c37a95cc73ee0f9e12cf3687c2b0a,deb0463b1cc0d3e09a31d47b45f5a5952e35a1f2431753b2441bee002f86c24d
detector-v1,detector-v1-weak-random-r50-s303-a25-attempt1,303,random,0.25,150,100,1,0,False,3000,3450,3d8b66221c8d213402164003a6da464fdc973978dd59d8f937ab010916bcc940,deb0463b1cc0d3e09a31d47b45f5a5952e35a1f2431753b2441bee002f86c24d
detector-v1,detector-v1-weak-random-r70-s303-a25-attempt1,303,random,0.25,210,100,1,0,False,3000,3510,416735d4bd7d046b208bde19432e97af6dacbaa2d5322018721ebd43c5028d78,deb0463b1cc0d3e09a31d47b45f5a5952e35a1f2431753b2441bee002f86c24d
robustness-v1,robustness-v1-attack-hb5-random-r50-s401-a25-attempt1,401,random,0.25,150,100,5,0,False,3000,3450,71f90595f81d2d86ccd312cca92d238f22d2ef3b52efbd4ffd2db990ef43f529,deb0463b1cc0d3e09a31d47b45f5a5952e35a1f2431753b2441bee002f86c24d
robustness-v1,robustness-v1-attack-hb5-swrr-r50-s401-a25-attempt1,401,swrr,0.25,150,100,5,0,False,3000,3450,96a89160fb88159e783509a339b18e2e1a130706a6abb686e91b99097680eea5,deb0463b1cc0d3e09a31d47b45f5a5952e35a1f2431753b2441bee002f86c24d
robustness-v1,robustness-v1-honest-hb5-random-r50-s401-a0-attempt1,401,random,0.0,150,100,5,0,False,3000,3450,3f1d3e084c4e961a0bd402c820bf167a956b220dc3a9badaf2612eb78a777054,deb0463b1cc0d3e09a31d47b45f5a5952e35a1f2431753b2441bee002f86c24d
robustness-v1,robustness-v1-honest-hb5-swrr-r50-s401-a0-attempt1,401,swrr,0.0,150,100,5,0,False,3000,3450,2c165b9fbb3439d500b621e8c4416202c73edffbc3d9c6ede9184a3c2534f4b2,deb0463b1cc0d3e09a31d47b45f5a5952e35a1f2431753b2441bee002f86c24d
robustness-v1,robustness-v1-honest-cap70-swrr-r50-s401-a0-attempt1,401,swrr,0.0,150,70,1,0,False,3000,3450,db5b9eb3dc318aaf3c6ec0d1b7c34d4e1be685bbae5d3d9597416ab03e224807,deb0463b1cc0d3e09a31d47b45f5a5952e35a1f2431753b2441bee002f86c24d
robustness-v1,robustness-v1-honest-cap70-random-r50-s401-a0-attempt1,401,random,0.0,150,70,1,0,False,3000,3450,0f38926566188798a9bc44635b48f2fc416613ab00d69b9a208cdc16a688aa2c,deb0463b1cc0d3e09a31d47b45f5a5952e35a1f2431753b2441bee002f86c24d
robustness-v1,robustness-v1-attack-onoff-swrr-r50-s401-a25-attempt1,401,swrr,0.25,150,100,1,0,False,3000,3450,df703f42e2522eef58095d460062386bd5ca55db8fd72a28bab3cfc818231561,deb0463b1cc0d3e09a31d47b45f5a5952e35a1f2431753b2441bee002f86c24d
robustness-v1,robustness-v1-attack-onoff-random-r50-s401-a25-attempt1,401,random,0.25,150,100,1,0,False,3000,3450,1107b73a52386f54d53a283e323d05341e5c653bf08a9d8c54e09d426ea4cfab,deb0463b1cc0d3e09a31d47b45f5a5952e35a1f2431753b2441bee002f86c24d
robustness-v1,robustness-v1-honest-hb5-swrr-r50-s402-a0-attempt1,402,swrr,0.0,150,100,5,0,False,3000,3450,b0e4f517f1df447bdb02d1b1f85390d74bccec8341bc9b07dab0c7997f1fc3e6,deb0463b1cc0d3e09a31d47b45f5a5952e35a1f2431753b2441bee002f86c24d
robustness-v1,robustness-v1-honest-hb5-random-r50-s402-a0-attempt1,402,random,0.0,150,100,5,0,False,3000,3450,3a8014d89ef95f23f8ab9915c51a581a3d4a3c895204366a2380949d4205684e,deb0463b1cc0d3e09a31d47b45f5a5952e35a1f2431753b2441bee002f86c24d
robustness-v1,robustness-v1-attack-hb5-random-r50-s402-a25-attempt1,402,random,0.25,150,100,5,0,False,3000,3450,f56f2f0f791746e6a9ccbbb0ad494a36a3126e92c7b77fcf4b3ac5fd60d79933,deb0463b1cc0d3e09a31d47b45f5a5952e35a1f2431753b2441bee002f86c24d
robustness-v1,robustness-v1-attack-hb5-swrr-r50-s402-a25-attempt1,402,swrr,0.25,150,100,5,0,False,3000,3450,d8917c23becd57f10fd24628e8f73f76abbb179bf6956a48fc045e085e7ba3ff,deb0463b1cc0d3e09a31d47b45f5a5952e35a1f2431753b2441bee002f86c24d
robustness-v1,robustness-v1-honest-cap70-swrr-r50-s402-a0-attempt1,402,swrr,0.0,150,70,1,0,False,3000,3450,fce9c8a5eb341b500929ebd90c71f480302fcf1fd89aee6955e8fb3007f1b4c9,deb0463b1cc0d3e09a31d47b45f5a5952e35a1f2431753b2441bee002f86c24d
robustness-v1,robustness-v1-attack-onoff-swrr-r50-s402-a25-attempt1,402,swrr,0.25,150,100,1,0,False,3000,3450,17679aebd4ab148d7ad7a238ee1e5def7b3845ec43562e71303c93ea48bfd937,deb0463b1cc0d3e09a31d47b45f5a5952e35a1f2431753b2441bee002f86c24d
robustness-v1,robustness-v1-honest-cap70-random-r50-s402-a0-attempt1,402,random,0.0,150,70,1,0,False,3000,3450,cf9548b9a10a450d271122c3349dd1fc0c9daaf1fb27c82d085d1f65e42ac376,deb0463b1cc0d3e09a31d47b45f5a5952e35a1f2431753b2441bee002f86c24d
robustness-v1,robustness-v1-attack-onoff-random-r50-s402-a25-attempt1,402,random,0.25,150,100,1,0,False,3000,3450,250efd8fc02e58e52c990bf0a82eeb83691e8058bf16c2d7fb9a5695eaddba95,deb0463b1cc0d3e09a31d47b45f5a5952e35a1f2431753b2441bee002f86c24d
robustness-v1,robustness-v1-honest-hb5-swrr-r50-s403-a0-attempt1,403,swrr,0.0,150,100,5,0,False,3000,3450,3912df9317df1f6b18755745ca4bc4efc50a24557efba4ed079c615b62981c3b,deb0463b1cc0d3e09a31d47b45f5a5952e35a1f2431753b2441bee002f86c24d
robustness-v1,robustness-v1-attack-hb5-swrr-r50-s403-a25-attempt1,403,swrr,0.25,150,100,5,0,False,3000,3450,6790d28d78f46e4828b1619e0cf15aadb5e93a4f15801a1b4c5b5ee3d637dae4,deb0463b1cc0d3e09a31d47b45f5a5952e35a1f2431753b2441bee002f86c24d
robustness-v1,robustness-v1-honest-hb5-random-r50-s403-a0-attempt1,403,random,0.0,150,100,5,0,False,3000,3450,5625632f0100197ea7b6891685c67911b05f3273814b24d6fdb9d0541423a272,deb0463b1cc0d3e09a31d47b45f5a5952e35a1f2431753b2441bee002f86c24d
robustness-v1,robustness-v1-attack-hb5-random-r50-s403-a25-attempt1,403,random,0.25,150,100,5,0,False,3000,3450,e1757bb99aaff8fe81d9626919c53df8dc1d6fbe0200e76e73b169e79053198a,deb0463b1cc0d3e09a31d47b45f5a5952e35a1f2431753b2441bee002f86c24d
robustness-v1,robustness-v1-honest-cap70-swrr-r50-s403-a0-attempt1,403,swrr,0.0,150,70,1,0,False,3000,3450,1369cb75c8194de546a81d8ebfd21c957be125f93ed9467c532a5e290a223bdc,deb0463b1cc0d3e09a31d47b45f5a5952e35a1f2431753b2441bee002f86c24d
robustness-v1,robustness-v1-attack-onoff-random-r50-s403-a25-attempt1,403,random,0.25,150,100,1,0,False,3000,3450,9b231933c45cda375a4e6cbc932cf96236273b9131c15f04598e4491978df954,deb0463b1cc0d3e09a31d47b45f5a5952e35a1f2431753b2441bee002f86c24d
robustness-v1,robustness-v1-honest-cap70-random-r50-s403-a0-attempt1,403,random,0.0,150,70,1,0,False,3000,3450,a600acb60d6478759ce0fc3f620e6f18500e93c46725327ab8d80d22178f912b,deb0463b1cc0d3e09a31d47b45f5a5952e35a1f2431753b2441bee002f86c24d
robustness-v1,robustness-v1-attack-onoff-swrr-r50-s403-a25-attempt1,403,swrr,0.25,150,100,1,0,False,3000,3450,c9332ffe1d310601f8c545d801d4510cc874c45ff38c405643802973975253ed,deb0463b1cc0d3e09a31d47b45f5a5952e35a1f2431753b2441bee002f86c24d
quantization-v1,quantization-v1-attack-cap70-swrr-r50-s501-a25-attempt1,501,swrr,0.25,150,70,1,0,False,3000,3450,64e176cc13d2b2a8cf50da18bb3d8057094c38656a93d58677058bc93c078f26,deb0463b1cc0d3e09a31d47b45f5a5952e35a1f2431753b2441bee002f86c24d
quantization-v1,quantization-v1-honest-cap70-random-r50-s501-a0-attempt1,501,random,0.0,150,70,1,0,False,3000,3450,9f92eb1828f15ac98978f33b42182e39faf552f00cd4b6199c40ae103edc7700,deb0463b1cc0d3e09a31d47b45f5a5952e35a1f2431753b2441bee002f86c24d
quantization-v1,quantization-v1-attack-cap70-random-r50-s501-a25-attempt1,501,random,0.25,150,70,1,0,False,3000,3450,f1460ac18ef557562dcb5813d350372618ce36a99ed39f71c1db8d435fffbf3d,deb0463b1cc0d3e09a31d47b45f5a5952e35a1f2431753b2441bee002f86c24d
quantization-v1,quantization-v1-honest-cap70-swrr-r50-s501-a0-attempt1,501,swrr,0.0,150,70,1,0,False,3000,3450,c59b282553acda89e3ec375561d9497471bb34c69e1ee82be1295a21a6efc314,deb0463b1cc0d3e09a31d47b45f5a5952e35a1f2431753b2441bee002f86c24d
quantization-v1,quantization-v1-honest-cap70-swrr-r50-s502-a0-attempt1,502,swrr,0.0,150,70,1,0,False,3000,3450,c95248da802a6f69ab81e7e3a643c42f4bad75ebbdadc8f52e2d04c3379d2fa4,deb0463b1cc0d3e09a31d47b45f5a5952e35a1f2431753b2441bee002f86c24d
quantization-v1,quantization-v1-attack-cap70-swrr-r50-s502-a25-attempt1,502,swrr,0.25,150,70,1,0,False,3000,3450,65afa819527802111f14617249d14ad41b2488374329e4c4fc9bc336074353d6,deb0463b1cc0d3e09a31d47b45f5a5952e35a1f2431753b2441bee002f86c24d
quantization-v1,quantization-v1-honest-cap70-random-r50-s502-a0-attempt1,502,random,0.0,150,70,1,0,False,3000,3450,1c3f4d05f3565c6156d9a01b9a8b932083584677c87b4e49f363f5156c9442bf,deb0463b1cc0d3e09a31d47b45f5a5952e35a1f2431753b2441bee002f86c24d
quantization-v1,quantization-v1-attack-cap70-random-r50-s502-a25-attempt1,502,random,0.25,150,70,1,0,False,3000,3450,fe074b27ef42ff06b80ac6434c9f6d41d379d552a57daa9b4e1525374ec8794b,deb0463b1cc0d3e09a31d47b45f5a5952e35a1f2431753b2441bee002f86c24d
quantization-v1,quantization-v1-honest-cap70-swrr-r50-s503-a0-attempt1,503,swrr,0.0,150,70,1,0,False,3000,3450,d5275a2efe0617cfb106dfe8194eb2cc2cc568442ef8307aa286d57b2d4047c7,deb0463b1cc0d3e09a31d47b45f5a5952e35a1f2431753b2441bee002f86c24d
quantization-v1,quantization-v1-honest-cap70-random-r50-s503-a0-attempt1,503,random,0.0,150,70,1,0,False,3000,3450,75e2f5b8c1bc7efbd49e8790453c47fc6faeb32c7a714418a51a37e7760f364a,deb0463b1cc0d3e09a31d47b45f5a5952e35a1f2431753b2441bee002f86c24d
quantization-v1,quantization-v1-attack-cap70-random-r50-s503-a25-attempt1,503,random,0.25,150,70,1,0,False,3000,3450,75fb74ae27a576af9e338121f9ae02e3bba92d74e998f5efc9c1778f512d1b56,deb0463b1cc0d3e09a31d47b45f5a5952e35a1f2431753b2441bee002f86c24d
quantization-v1,quantization-v1-attack-cap70-swrr-r50-s503-a25-attempt1,503,swrr,0.25,150,70,1,0,False,3000,3450,fcdeac2b7845a43e187dc873ac093c214960bbaa0969cf0acf828c0b683325d3,deb0463b1cc0d3e09a31d47b45f5a5952e35a1f2431753b2441bee002f86c24d
delay-burst-v1,delay-burst-v1-honest-delay-swrr-r50-s701-a0-attempt1,701,swrr,0.0,150,100,1,200.0,False,3000,3450,d85a893caa46eaaa492df0c6ef8f0c842d4d5316817d2e0048a7e201d5546662,deb0463b1cc0d3e09a31d47b45f5a5952e35a1f2431753b2441bee002f86c24d
delay-burst-v1,delay-burst-v1-honest-delay-random-r50-s701-a0-attempt1,701,random,0.0,150,100,1,200.0,False,3000,3450,e960570fecf02466cc89660bc48eb8f56cb0d2e38815cd83532bf53ca83f6f3f,deb0463b1cc0d3e09a31d47b45f5a5952e35a1f2431753b2441bee002f86c24d
delay-burst-v1,delay-burst-v1-attack-delay-swrr-r50-s701-a25-attempt1,701,swrr,0.25,150,100,1,200.0,False,3000,3450,b6df4f10503dcc46a2feea74311cf2cbfe27fea07c37ba48f573769dd48f905d,deb0463b1cc0d3e09a31d47b45f5a5952e35a1f2431753b2441bee002f86c24d
delay-burst-v1,delay-burst-v1-attack-delay-random-r50-s701-a25-attempt1,701,random,0.25,150,100,1,200.0,False,3000,3450,09d7bf14bed5be8b1f564b876dc03912a7e07ef77cefbd3a63afea0f12496bac,deb0463b1cc0d3e09a31d47b45f5a5952e35a1f2431753b2441bee002f86c24d
delay-burst-v1,delay-burst-v1-attack-burst-random-r50-s701-a25-attempt1,701,random,0.25,150,100,1,0,True,3360,3810,9c1e499089753de717d73ee294afa1d40897d9820eb122dedaeb95d57a5297a0,deb0463b1cc0d3e09a31d47b45f5a5952e35a1f2431753b2441bee002f86c24d
delay-burst-v1,delay-burst-v1-attack-burst-swrr-r50-s701-a25-attempt1,701,swrr,0.25,150,100,1,0,True,3360,3810,0f44a9f99de887de4035d1a7f5af08618b71ae1c5e2d2cb4d0b4ee1a99724f8c,deb0463b1cc0d3e09a31d47b45f5a5952e35a1f2431753b2441bee002f86c24d
delay-burst-v1,delay-burst-v1-honest-burst-random-r50-s701-a0-attempt1,701,random,0.0,150,100,1,0,True,3360,3810,243ca2b2e72b2153515d3dfc8edc77b2739f070328f0d468c3a3717ea3a2326e,deb0463b1cc0d3e09a31d47b45f5a5952e35a1f2431753b2441bee002f86c24d
delay-burst-v1,delay-burst-v1-honest-burst-swrr-r50-s701-a0-attempt1,701,swrr,0.0,150,100,1,0,True,3360,3810,77e7baeb00845fac72965bd1f1cce895a73a937e20e43de9ebb888ee01dc9983,deb0463b1cc0d3e09a31d47b45f5a5952e35a1f2431753b2441bee002f86c24d
delay-burst-v1,delay-burst-v1-honest-combined-swrr-r50-s701-a0-attempt1,701,swrr,0.0,150,100,1,200.0,True,3360,3810,cc91fab5dd4ac7b01843d8ebf7c1a1d751e9f43202b57ce22067436d7c4e5949,deb0463b1cc0d3e09a31d47b45f5a5952e35a1f2431753b2441bee002f86c24d
delay-burst-v1,delay-burst-v1-honest-combined-random-r50-s701-a0-attempt1,701,random,0.0,150,100,1,200.0,True,3360,3810,fe907ca44d12e8bb270a9d7ce3458511ddbcd8a2fb823846a5310526384176b7,deb0463b1cc0d3e09a31d47b45f5a5952e35a1f2431753b2441bee002f86c24d
delay-burst-v1,delay-burst-v1-attack-combined-swrr-r50-s701-a25-attempt1,701,swrr,0.25,150,100,1,200.0,True,3360,3810,3b53f253a4c79a31517bc7a5483036144307449aecb0518a9c615edb33226371,deb0463b1cc0d3e09a31d47b45f5a5952e35a1f2431753b2441bee002f86c24d
delay-burst-v1,delay-burst-v1-attack-combined-random-r50-s701-a25-attempt1,701,random,0.25,150,100,1,200.0,True,3360,3810,f5934457bf1bbfbe0327e01ec31f8b77ec6816dcf816999558fc012e55776cd0,deb0463b1cc0d3e09a31d47b45f5a5952e35a1f2431753b2441bee002f86c24d
delay-burst-v1,delay-burst-v1-honest-delay-swrr-r50-s702-a0-attempt1,702,swrr,0.0,150,100,1,200.0,False,3000,3450,5e488d4ee4cfafb8c5f6fbab461ff04715bce34d29c3dfe130f873ea74258740,deb0463b1cc0d3e09a31d47b45f5a5952e35a1f2431753b2441bee002f86c24d
delay-burst-v1,delay-burst-v1-honest-delay-random-r50-s702-a0-attempt1,702,random,0.0,150,100,1,200.0,False,3000,3450,cbe58640178628a19fc36f4d894136b22edcc1e2badc11b1cb6e170de86e8dfe,deb0463b1cc0d3e09a31d47b45f5a5952e35a1f2431753b2441bee002f86c24d
delay-burst-v1,delay-burst-v1-attack-delay-swrr-r50-s702-a25-attempt1,702,swrr,0.25,150,100,1,200.0,False,3000,3450,cf98d917b0d274f6c200f3f18281e8ffa99e71e78168fdae7d863e9c654d95bc,deb0463b1cc0d3e09a31d47b45f5a5952e35a1f2431753b2441bee002f86c24d
delay-burst-v1,delay-burst-v1-attack-delay-random-r50-s702-a25-attempt1,702,random,0.25,150,100,1,200.0,False,3000,3450,bde77062676e7fc42702515286a284ce83c0e79648f6d1353b2775c98cab76e5,deb0463b1cc0d3e09a31d47b45f5a5952e35a1f2431753b2441bee002f86c24d
delay-burst-v1,delay-burst-v1-honest-burst-swrr-r50-s702-a0-attempt1,702,swrr,0.0,150,100,1,0,True,3360,3810,9443dc61377f2dca8b3eb28b5a9bef5f93adf35398db4aa9d8e19f08ba47ae67,deb0463b1cc0d3e09a31d47b45f5a5952e35a1f2431753b2441bee002f86c24d
delay-burst-v1,delay-burst-v1-honest-burst-random-r50-s702-a0-attempt1,702,random,0.0,150,100,1,0,True,3360,3810,a75bf8efa5de284e49434f98724ace4f588c651aa37c18768b652f5fdc355e86,deb0463b1cc0d3e09a31d47b45f5a5952e35a1f2431753b2441bee002f86c24d
delay-burst-v1,delay-burst-v1-attack-burst-swrr-r50-s702-a25-attempt1,702,swrr,0.25,150,100,1,0,True,3360,3810,df2d7cc15aad746ef768e4ecfda625359e4523b02cbbde3fce61740818c9a907,deb0463b1cc0d3e09a31d47b45f5a5952e35a1f2431753b2441bee002f86c24d
delay-burst-v1,delay-burst-v1-attack-burst-random-r50-s702-a25-attempt1,702,random,0.25,150,100,1,0,True,3360,3810,b158b1c6df43da7c0aca9fe8b285b031541237cd4a79d624d0af654951ab624a,deb0463b1cc0d3e09a31d47b45f5a5952e35a1f2431753b2441bee002f86c24d
delay-burst-v1,delay-burst-v1-honest-combined-swrr-r50-s702-a0-attempt1,702,swrr,0.0,150,100,1,200.0,True,3360,3810,d403ea2344fd5b4a8023bb7e75422ca3a5129c43a288eaaab80efdd1ea6b95f0,deb0463b1cc0d3e09a31d47b45f5a5952e35a1f2431753b2441bee002f86c24d
delay-burst-v1,delay-burst-v1-honest-delay-swrr-r50-s703-a0-attempt1,703,swrr,0.0,150,100,1,200.0,False,3000,3450,2ae84b19caa832e7cf432fe8dc556826a812fcaff045d528684e95138464cbdd,deb0463b1cc0d3e09a31d47b45f5a5952e35a1f2431753b2441bee002f86c24d
delay-burst-v1,delay-burst-v1-attack-combined-random-r50-s702-a25-attempt1,702,random,0.25,150,100,1,200.0,True,3360,3810,8c15202e7b77857da570435816bb85ed404f7b9fc49e8167879955f8f9b9493b,deb0463b1cc0d3e09a31d47b45f5a5952e35a1f2431753b2441bee002f86c24d
delay-burst-v1,delay-burst-v1-attack-combined-swrr-r50-s702-a25-attempt1,702,swrr,0.25,150,100,1,200.0,True,3360,3810,a939b6d34aa162bdf5f59f03a667d88f03e9b340fa79a3a2cc9560d6fafc74c4,deb0463b1cc0d3e09a31d47b45f5a5952e35a1f2431753b2441bee002f86c24d
delay-burst-v1,delay-burst-v1-honest-combined-random-r50-s702-a0-attempt1,702,random,0.0,150,100,1,200.0,True,3360,3810,faab0e9580a06b870b48643e7b9237536c088b6f4d81e3996f4b9f321d881547,deb0463b1cc0d3e09a31d47b45f5a5952e35a1f2431753b2441bee002f86c24d
delay-burst-v1,delay-burst-v1-honest-delay-random-r50-s703-a0-attempt1,703,random,0.0,150,100,1,200.0,False,3000,3450,9ac80859952b6f14ed69061399110e6b09cf1172990d8ab8624b5f16850535e9,deb0463b1cc0d3e09a31d47b45f5a5952e35a1f2431753b2441bee002f86c24d
delay-burst-v1,delay-burst-v1-attack-delay-swrr-r50-s703-a25-attempt1,703,swrr,0.25,150,100,1,200.0,False,3000,3450,afe8683642240737542b05f5f6ab75f43a45a89070760e23ba5f0dfdc235e947,deb0463b1cc0d3e09a31d47b45f5a5952e35a1f2431753b2441bee002f86c24d
delay-burst-v1,delay-burst-v1-attack-delay-random-r50-s703-a25-attempt1,703,random,0.25,150,100,1,200.0,False,3000,3450,88b02a8609dd3c72c256017ea9e0c48b63070ee67d6057c0c0fe0b806c8d3133,deb0463b1cc0d3e09a31d47b45f5a5952e35a1f2431753b2441bee002f86c24d
delay-burst-v1,delay-burst-v1-honest-burst-swrr-r50-s703-a0-attempt1,703,swrr,0.0,150,100,1,0,True,3360,3810,a7c6d5b7fbb3fa344ea810ee34475fc4c55da3ddb4d17863d328a45770124081,deb0463b1cc0d3e09a31d47b45f5a5952e35a1f2431753b2441bee002f86c24d
delay-burst-v1,delay-burst-v1-honest-burst-random-r50-s703-a0-attempt1,703,random,0.0,150,100,1,0,True,3360,3810,b6daece3fa2450013804f643d97c6ae05d7073be9e3997306821868a111b4c83,deb0463b1cc0d3e09a31d47b45f5a5952e35a1f2431753b2441bee002f86c24d
delay-burst-v1,delay-burst-v1-attack-burst-swrr-r50-s703-a25-attempt1,703,swrr,0.25,150,100,1,0,True,3360,3810,4feef9dc187b13f62e1dc85c3fe38788acbf2d4da76605f74f3180e4bb5e19ea,deb0463b1cc0d3e09a31d47b45f5a5952e35a1f2431753b2441bee002f86c24d
delay-burst-v1,delay-burst-v1-attack-burst-random-r50-s703-a25-attempt1,703,random,0.25,150,100,1,0,True,3360,3810,6f599fccc3a46e7951a1b0a8751a68c5a178ec38d58d384c1eef8a710b5cd044,deb0463b1cc0d3e09a31d47b45f5a5952e35a1f2431753b2441bee002f86c24d
delay-burst-v1,delay-burst-v1-honest-combined-swrr-r50-s703-a0-attempt1,703,swrr,0.0,150,100,1,200.0,True,3360,3810,6551430e6cec1dca46a11795de9c0b5979725cad3575522f29aef9dc18e90317,deb0463b1cc0d3e09a31d47b45f5a5952e35a1f2431753b2441bee002f86c24d
delay-burst-v1,delay-burst-v1-honest-combined-random-r50-s703-a0-attempt1,703,random,0.0,150,100,1,200.0,True,3360,3810,ae9f1cfd99ff663ced02e2ab8d189aee8ccd1ef08a60f2357b3e23b6729772e7,deb0463b1cc0d3e09a31d47b45f5a5952e35a1f2431753b2441bee002f86c24d
delay-burst-v1,delay-burst-v1-attack-combined-swrr-r50-s703-a25-attempt1,703,swrr,0.25,150,100,1,200.0,True,3360,3810,9297c4e615dd28ef9ec3f8b10e83f174c9a64490f061425669e829873c18a239,deb0463b1cc0d3e09a31d47b45f5a5952e35a1f2431753b2441bee002f86c24d
delay-burst-v1,delay-burst-v1-attack-combined-random-r50-s703-a25-attempt1,703,random,0.25,150,100,1,200.0,True,3360,3810,bfb7b42cdc399ae4654f59e17ef76eb5339a421c33b2747825130bb7d0b73239,deb0463b1cc0d3e09a31d47b45f5a5952e35a1f2431753b2441bee002f86c24d
timeaware-v1,timeaware-v1-attack-delay-random-r50-s1001-a25-attempt1,1001,random,0.25,150,100,1,200.0,False,3000,3450,bb64f8cf5a875b9de15ffdfc971543b7ce535d006974de5c59559a53bff577bc,deb0463b1cc0d3e09a31d47b45f5a5952e35a1f2431753b2441bee002f86c24d
timeaware-v1,timeaware-v1-honest-delay-random-r50-s1001-a0-attempt1,1001,random,0.0,150,100,1,200.0,False,3000,3450,46a4ca9c8dba3d76facb5ff2607f258a165c3c6e3175fbf175c3de3b0b199282,deb0463b1cc0d3e09a31d47b45f5a5952e35a1f2431753b2441bee002f86c24d
timeaware-v1,timeaware-v1-honest-delay-swrr-r50-s1001-a0-attempt1,1001,swrr,0.0,150,100,1,200.0,False,3000,3450,217fbfef25cdf10f01f3447c4a2a0cc348c8fea2d865f317fefcde6f492b6e68,deb0463b1cc0d3e09a31d47b45f5a5952e35a1f2431753b2441bee002f86c24d
timeaware-v1,timeaware-v1-attack-delay-swrr-r50-s1001-a25-attempt2,1001,swrr,0.25,150,100,1,200.0,False,3000,3450,fd6cd69500ac42e41767a13aba5e22ff88b1a8eaac43959f51a2ecd7baeb821f,deb0463b1cc0d3e09a31d47b45f5a5952e35a1f2431753b2441bee002f86c24d
timeaware-v1,timeaware-v1-attack-combined-swrr-r50-s1001-a25-attempt1,1001,swrr,0.25,150,100,1,200.0,True,3360,3810,2fa6dee29ee608793a657e861099e66b9cf8c94573dab5aed902acf202bf641b,deb0463b1cc0d3e09a31d47b45f5a5952e35a1f2431753b2441bee002f86c24d
timeaware-v1,timeaware-v1-honest-combined-random-r50-s1001-a0-attempt1,1001,random,0.0,150,100,1,200.0,True,3360,3810,232d388ea324d2e8a46787da0c184bc5d3a11b5064c5e6f2a612e4df7d5fd28d,deb0463b1cc0d3e09a31d47b45f5a5952e35a1f2431753b2441bee002f86c24d
timeaware-v1,timeaware-v1-honest-combined-swrr-r50-s1001-a0-attempt1,1001,swrr,0.0,150,100,1,200.0,True,3360,3810,0b57f3b7c5322305bcd26d30e78058a5aa8c36844aff4195002bfbd47d4d38cf,deb0463b1cc0d3e09a31d47b45f5a5952e35a1f2431753b2441bee002f86c24d
timeaware-v1,timeaware-v1-honest-delay-swrr-r50-s1002-a0-attempt1,1002,swrr,0.0,150,100,1,200.0,False,3000,3450,3228413599a138176c07cfd9c3394b548da4acc63634224437c415b670782a84,deb0463b1cc0d3e09a31d47b45f5a5952e35a1f2431753b2441bee002f86c24d
timeaware-v1,timeaware-v1-attack-combined-random-r50-s1001-a25-attempt1,1001,random,0.25,150,100,1,200.0,True,3360,3810,1747732b177cbfcecc1f57ed994dda7e0e939c48f75219d348dafe592da5a45c,deb0463b1cc0d3e09a31d47b45f5a5952e35a1f2431753b2441bee002f86c24d
timeaware-v1,timeaware-v1-honest-delay-random-r50-s1002-a0-attempt1,1002,random,0.0,150,100,1,200.0,False,3000,3450,1ee6758c37ce2764a680db0626942a5b21b151d5872f195dbff2963e86547c6f,deb0463b1cc0d3e09a31d47b45f5a5952e35a1f2431753b2441bee002f86c24d
timeaware-v1,timeaware-v1-attack-delay-swrr-r50-s1002-a25-attempt1,1002,swrr,0.25,150,100,1,200.0,False,3000,3450,76e2096b8fcb91d678b69161cec5cd82753ac7d67d593dc598c03a2109d16b58,deb0463b1cc0d3e09a31d47b45f5a5952e35a1f2431753b2441bee002f86c24d
timeaware-v1,timeaware-v1-attack-delay-random-r50-s1002-a25-attempt1,1002,random,0.25,150,100,1,200.0,False,3000,3450,9a6999eb7043e4e935db06c139ff9c4b20a6ee2957e1c09c53002694abab9477,deb0463b1cc0d3e09a31d47b45f5a5952e35a1f2431753b2441bee002f86c24d
timeaware-v1,timeaware-v1-honest-combined-random-r50-s1002-a0-attempt1,1002,random,0.0,150,100,1,200.0,True,3360,3810,a5094408350b207465e91edc5bdb9dc50b182fbef17e68e9bed399633fa86f4e,deb0463b1cc0d3e09a31d47b45f5a5952e35a1f2431753b2441bee002f86c24d
timeaware-v1,timeaware-v1-honest-combined-swrr-r50-s1002-a0-attempt1,1002,swrr,0.0,150,100,1,200.0,True,3360,3810,ec80a6c39d610296fe86e185dbd97bcb30e17dabdf82fa9583bcb8a4893ae863,deb0463b1cc0d3e09a31d47b45f5a5952e35a1f2431753b2441bee002f86c24d
timeaware-v1,timeaware-v1-attack-combined-swrr-r50-s1002-a25-attempt1,1002,swrr,0.25,150,100,1,200.0,True,3360,3810,37189c8ab37426cd3a803b683fc2aed25abe3e6b2c36ded0f17d760ad48377ca,deb0463b1cc0d3e09a31d47b45f5a5952e35a1f2431753b2441bee002f86c24d
timeaware-v1,timeaware-v1-attack-combined-random-r50-s1002-a25-attempt1,1002,random,0.25,150,100,1,200.0,True,3360,3810,d0f252e1bd4e4ca057ecb1770d9c33c23a57cda6867e3432d818b9293390513a,deb0463b1cc0d3e09a31d47b45f5a5952e35a1f2431753b2441bee002f86c24d
timeaware-v1,timeaware-v1-honest-delay-swrr-r50-s1003-a0-attempt1,1003,swrr,0.0,150,100,1,200.0,False,3000,3450,dff0f6531b9de57b283bebcf7ab298a1ffac60a469dabb9d8a6c5a7ac7983216,deb0463b1cc0d3e09a31d47b45f5a5952e35a1f2431753b2441bee002f86c24d
timeaware-v1,timeaware-v1-honest-delay-random-r50-s1003-a0-attempt1,1003,random,0.0,150,100,1,200.0,False,3000,3450,85cfd17a1820e8f8e20f7f1d601e983560b7a5367f53a2f3b45b7a6c4524b914,deb0463b1cc0d3e09a31d47b45f5a5952e35a1f2431753b2441bee002f86c24d
timeaware-v1,timeaware-v1-attack-delay-swrr-r50-s1003-a25-attempt1,1003,swrr,0.25,150,100,1,200.0,False,3000,3450,f539da51aed3d8c8118fc4a72c61c5f444a058603008542bd4c4dee85ef23ad3,deb0463b1cc0d3e09a31d47b45f5a5952e35a1f2431753b2441bee002f86c24d
timeaware-v1,timeaware-v1-attack-delay-random-r50-s1003-a25-attempt1,1003,random,0.25,150,100,1,200.0,False,3000,3450,6aa7090f9f47c95c13bfa7a4520e11dcfecd1d8baba8c479f016488acef1bf52,deb0463b1cc0d3e09a31d47b45f5a5952e35a1f2431753b2441bee002f86c24d
timeaware-v1,timeaware-v1-honest-combined-swrr-r50-s1003-a0-attempt1,1003,swrr,0.0,150,100,1,200.0,True,3360,3810,dd0675747e4324ec00fdfd09b5fe57da6aacab77f695008359c506442b4fe477,deb0463b1cc0d3e09a31d47b45f5a5952e35a1f2431753b2441bee002f86c24d
timeaware-v1,timeaware-v1-honest-combined-random-r50-s1003-a0-attempt1,1003,random,0.0,150,100,1,200.0,True,3360,3810,c299c69fea5b422b5638ffdb62c6ca982eb48505dffaa9ba797277328b333962,deb0463b1cc0d3e09a31d47b45f5a5952e35a1f2431753b2441bee002f86c24d
timeaware-v1,timeaware-v1-attack-combined-swrr-r50-s1003-a25-attempt1,1003,swrr,0.25,150,100,1,200.0,True,3360,3810,4e12041f5bfa6b8e638e9541f3eddf7a2da26aaad5b2ef6dee381ddb7dfe40b2,deb0463b1cc0d3e09a31d47b45f5a5952e35a1f2431753b2441bee002f86c24d
timeaware-v1,timeaware-v1-attack-combined-random-r50-s1003-a25-attempt1,1003,random,0.25,150,100,1,200.0,True,3360,3810,1447a83245bb1c17fb82af206e36e03d6715c4b283ccf989d1b4d949f855f664,deb0463b1cc0d3e09a31d47b45f5a5952e35a1f2431753b2441bee002f86c24d
