source,rho,alpha,honest_share,attack_share,delta_pp
analytical_not_measured,0.2,0.1,0.3333333333333333,0.33780720326709246,0.4473869933759145
analytical_not_measured,0.5,0.1,0.3333333333333333,0.34462628374823917,1.1292950414905856
analytical_not_measured,0.7,0.1,0.3333333333333333,0.34924238320174505,1.590904986841174
analytical_not_measured,0.2,0.3,0.3333333333333333,0.346927461205351,1.3594127872017692
analytical_not_measured,0.5,0.3,0.3333333333333333,0.36822878538309106,3.4895452049757747
analytical_not_measured,0.7,0.3,0.3333333333333333,0.38295650562234557,4.962317228901226
analytical_not_measured,0.2,0.5,0.3333333333333333,0.35626742811115514,2.2934094777821823
analytical_not_measured,0.5,0.5,0.3333333333333333,0.3929694486000912,5.9636115266757885
analytical_not_measured,0.7,0.5,0.3333333333333333,0.41850906283958433,8.517572950625102
