policy,rho,seed,honest_s3,attack_s3,delta_pp,honest_run,attack_run,series_id,warmup,cycles,comparable,provenance
random,0.2,101,0.33766666666666667,0.36333333333333334,2.5666666666666673,main-v2-random-r20-s101-a0-attempt1,main-v2-random-r20-s101-a50-attempt1,main-v2,300,3300,True,new strict audit
swrr,0.5,101,0.33866666666666667,0.3953333333333333,5.666666666666664,main-v2-swrr-r50-s101-a0-attempt1,main-v2-swrr-r50-s101-a50-attempt1,main-v2,300,3300,True,new strict audit
random,0.7,101,0.3313333333333333,0.4236666666666667,9.233333333333338,main-v2-random-r70-s101-a0-attempt1,main-v2-random-r70-s101-a50-attempt1,main-v2,300,3300,True,new strict audit
swrr,0.7,101,0.3353333333333333,0.4166666666666667,8.133333333333336,main-v2-swrr-r70-s101-a0-attempt1,main-v2-swrr-r70-s101-a50-attempt1,main-v2,300,3300,True,new strict audit
random,0.5,101,0.32866666666666666,0.3953333333333333,6.666666666666665,main-v2-random-r50-s101-a0-attempt1,main-v2-random-r50-s101-a50-attempt1,main-v2,300,3300,True,new strict audit
swrr,0.2,101,0.335,0.357,2.1999999999999966,main-v2-swrr-r20-s101-a0-attempt1,main-v2-swrr-r20-s101-a50-attempt1,main-v2,300,3300,True,new strict audit
swrr,0.5,102,0.3373333333333333,0.395,5.76666666666667,main-v2-swrr-r50-s102-a0-attempt1,main-v2-swrr-r50-s102-a50-attempt1,main-v2,300,3300,True,new strict audit
random,0.7,102,0.3253333333333333,0.4076666666666667,8.233333333333338,main-v2-random-r70-s102-a0-attempt1,main-v2-random-r70-s102-a50-attempt1,main-v2,300,3300,True,new strict audit
random,0.5,102,0.3283333333333333,0.389,6.06666666666667,main-v2-random-r50-s102-a0-attempt1,main-v2-random-r50-s102-a50-attempt1,main-v2,300,3300,True,new strict audit
random,0.2,102,0.32966666666666666,0.353,2.3333333333333317,main-v2-random-r20-s102-a0-attempt1,main-v2-random-r20-s102-a50-attempt1,main-v2,300,3300,True,new strict audit
swrr,0.2,102,0.33066666666666666,0.35633333333333334,2.5666666666666673,main-v2-swrr-r20-s102-a0-attempt1,main-v2-swrr-r20-s102-a50-attempt1,main-v2,300,3300,True,new strict audit
swrr,0.7,102,0.345,0.421,7.600000000000001,main-v2-swrr-r70-s102-a0-attempt1,main-v2-swrr-r70-s102-a50-attempt1,main-v2,300,3300,True,new strict audit
swrr,0.2,103,0.33466666666666667,0.357,2.2333333333333316,main-v2-swrr-r20-s103-a0-attempt1,main-v2-swrr-r20-s103-a50-attempt1,main-v2,300,3300,True,new strict audit
random,0.2,103,0.3363333333333333,0.3586666666666667,2.233333333333337,main-v2-random-r20-s103-a0-attempt1,main-v2-random-r20-s103-a50-attempt1,main-v2,300,3300,True,new strict audit
swrr,0.5,103,0.33566666666666667,0.3923333333333333,5.666666666666664,main-v2-swrr-r50-s103-a0-attempt1,main-v2-swrr-r50-s103-a50-attempt1,main-v2,300,3300,True,new strict audit
random,0.7,103,0.33566666666666667,0.417,8.133333333333331,main-v2-random-r70-s103-a0-attempt1,main-v2-random-r70-s103-a50-attempt1,main-v2,300,3300,True,new strict audit
swrr,0.7,103,0.31966666666666665,0.419,9.933333333333334,main-v2-swrr-r70-s103-a0-attempt1,main-v2-swrr-r70-s103-a50-attempt1,main-v2,300,3300,True,new strict audit
random,0.5,103,0.338,0.3973333333333333,5.933333333333329,main-v2-random-r50-s103-a0-attempt1,main-v2-random-r50-s103-a50-attempt1,main-v2,300,3300,True,new strict audit
random,0.5,104,0.33766666666666667,0.39666666666666667,5.8999999999999995,main-v2-random-r50-s104-a0-attempt1,main-v2-random-r50-s104-a50-attempt1,main-v2,300,3300,True,new strict audit
swrr,0.7,104,0.32466666666666666,0.4236666666666667,9.900000000000004,main-v2-swrr-r70-s104-a0-attempt1,main-v2-swrr-r70-s104-a50-attempt1,main-v2,300,3300,True,new strict audit
random,0.7,104,0.3363333333333333,0.421,8.466666666666667,main-v2-random-r70-s104-a0-attempt1,main-v2-random-r70-s104-a50-attempt1,main-v2,300,3300,True,new strict audit
random,0.2,104,0.337,0.3626666666666667,2.5666666666666673,main-v2-random-r20-s104-a0-attempt1,main-v2-random-r20-s104-a50-attempt1,main-v2,300,3300,True,new strict audit
swrr,0.2,104,0.3343333333333333,0.35633333333333334,2.200000000000002,main-v2-swrr-r20-s104-a0-attempt1,main-v2-swrr-r20-s104-a50-attempt1,main-v2,300,3300,True,new strict audit
swrr,0.5,104,0.339,0.398,5.8999999999999995,main-v2-swrr-r50-s104-a0-attempt2,main-v2-swrr-r50-s104-a50-attempt2,main-v2,300,3300,True,new strict audit
swrr,0.2,105,0.334,0.3556666666666667,2.166666666666667,main-v2-swrr-r20-s105-a0-attempt1,main-v2-swrr-r20-s105-a50-attempt1,main-v2,300,3300,True,new strict audit
random,0.2,105,0.3353333333333333,0.358,2.2666666666666666,main-v2-random-r20-s105-a0-attempt1,main-v2-random-r20-s105-a50-attempt1,main-v2,300,3300,True,new strict audit
random,0.5,105,0.33566666666666667,0.3923333333333333,5.666666666666664,main-v2-random-r50-s105-a0-attempt1,main-v2-random-r50-s105-a50-attempt1,main-v2,300,3300,True,new strict audit
swrr,0.7,105,0.3393333333333333,0.41933333333333334,8.000000000000002,main-v2-swrr-r70-s105-a0-attempt1,main-v2-swrr-r70-s105-a50-attempt1,main-v2,300,3300,True,new strict audit
swrr,0.5,105,0.33,0.3973333333333333,6.73333333333333,main-v2-swrr-r50-s105-a0-attempt1,main-v2-swrr-r50-s105-a50-attempt1,main-v2,300,3300,True,new strict audit
random,0.7,105,0.334,0.41333333333333333,7.933333333333331,main-v2-random-r70-s105-a0-attempt1,main-v2-random-r70-s105-a50-attempt1,main-v2,300,3300,True,new strict audit
